time,open,high,low,close
2025-02-04 00:01:00,154.692,154.763,154.662,154.662
2025-02-04 00:02:00,154.692,154.692,154.692,154.692
2025-02-04 00:03:00,154.692,154.692,154.662,154.666
2025-02-04 00:04:00,154.692,154.694,154.671,154.673
2025-02-04 00:05:00,154.694,154.694,154.691,154.691
2025-02-04 00:06:00,154.691,154.691,154.69,154.69
2025-02-04 00:07:00,154.69,154.701,154.69,154.701
2025-02-04 00:08:00,154.701,154.701,154.701,154.701
2025-02-04 00:09:00,154.701,154.701,154.701,154.701
2025-02-04 00:10:00,154.701,154.701,154.661,154.683
2025-02-04 00:11:00,154.69,154.69,154.69,154.69
2025-02-04 00:12:00,154.685,154.721,154.681,154.721
2025-02-04 00:13:00,154.721,154.721,154.682,154.721
2025-02-04 00:14:00,154.721,154.723,154.686,154.686
2025-02-04 00:15:00,154.707,154.73,154.707,154.712
2025-02-04 00:16:00,154.712,154.73,154.712,154.716
2025-02-04 00:17:00,154.716,154.73,154.716,154.718
2025-02-04 00:18:00,154.719,154.73,154.719,154.719
2025-02-04 00:19:00,154.718,154.74,154.718,154.726
2025-02-04 00:20:00,154.726,154.741,154.726,154.741
2025-02-04 00:21:00,154.74,154.77,154.74,154.77
2025-02-04 00:22:00,154.773,154.773,154.755,154.771
2025-02-04 00:23:00,154.771,154.771,154.771,154.771
2025-02-04 00:24:00,154.771,154.771,154.771,154.771
2025-02-04 00:25:00,154.771,154.771,154.751,154.77
2025-02-04 00:26:00,154.771,154.776,154.769,154.769
2025-02-04 00:27:00,154.771,154.773,154.77,154.773
2025-02-04 00:28:00,154.773,154.774,154.773,154.773
2025-02-04 00:29:00,154.773,154.774,154.773,154.773
2025-02-04 00:30:00,154.774,154.774,154.773,154.773
2025-02-04 00:31:00,154.774,154.774,154.765,154.772
2025-02-04 00:32:00,154.772,154.774,154.765,154.773
2025-02-04 00:33:00,154.773,154.773,154.763,154.764
2025-02-04 00:34:00,154.766,154.77,154.757,154.77
2025-02-04 00:35:00,154.769,154.773,154.767,154.772
2025-02-04 00:36:00,154.768,154.772,154.768,154.768
2025-02-04 00:37:00,154.767,154.768,154.765,154.765
2025-02-04 00:38:00,154.765,154.846,154.755,154.836
2025-02-04 00:39:00,154.829,154.855,154.829,154.843
2025-02-04 00:40:00,154.843,154.855,154.843,154.844
2025-02-04 00:41:00,154.844,154.847,154.835,154.844
2025-02-04 00:42:00,154.843,154.843,154.841,154.841
2025-02-04 00:43:00,154.841,154.841,154.781,154.783
2025-02-04 00:44:00,154.788,154.801,154.779,154.801
2025-02-04 00:45:00,154.802,154.809,154.802,154.809
2025-02-04 00:46:00,154.809,154.809,154.794,154.806
2025-02-04 00:47:00,154.806,154.809,154.803,154.809
2025-02-04 00:48:00,154.809,154.81,154.802,154.81
2025-02-04 00:49:00,154.809,154.809,154.805,154.805
2025-02-04 00:50:00,154.804,154.805,154.804,154.805
2025-02-04 00:51:00,154.803,154.805,154.783,154.783
2025-02-04 00:52:00,154.783,154.871,154.783,154.834
2025-02-04 00:53:00,154.832,154.832,154.82,154.828
2025-02-04 00:54:00,154.824,154.835,154.824,154.826
2025-02-04 00:55:00,154.825,154.826,154.783,154.783
2025-02-04 00:56:00,154.783,154.853,154.778,154.835
2025-02-04 00:57:00,154.835,154.843,154.826,154.829
2025-02-04 00:58:00,154.817,154.819,154.799,154.819
2025-02-04 00:59:00,154.808,154.812,154.785,154.788
2025-02-04 01:00:00,154.793,154.864,154.793,154.843
2025-02-04 01:01:00,154.822,154.846,154.774,154.844
2025-02-04 01:02:00,154.845,154.89,154.845,154.853
2025-02-04 01:03:00,154.854,154.881,154.846,154.847
2025-02-04 01:04:00,154.846,154.899,154.842,154.88
2025-02-04 01:05:00,154.879,154.933,154.879,154.925
2025-02-04 01:06:00,154.929,154.93,154.901,154.904
2025-02-04 01:07:00,154.91,154.928,154.91,154.912
2025-02-04 01:08:00,154.92,154.941,154.908,154.94
2025-02-04 01:09:00,154.943,154.96,154.928,154.953
2025-02-04 01:10:00,154.954,154.954,154.929,154.932
2025-02-04 01:11:00,154.933,154.951,154.932,154.94
2025-02-04 01:12:00,154.941,155.01,154.941,155.008
2025-02-04 01:13:00,155.009,155.074,155.009,155.055
2025-02-04 01:14:00,155.054,155.075,155.054,155.063
2025-02-04 01:15:00,155.072,155.073,155.022,155.052
2025-02-04 01:16:00,155.052,155.053,155.028,155.041
2025-02-04 01:17:00,155.034,155.101,155.029,155.1
2025-02-04 01:18:00,155.1,155.131,155.099,155.129
2025-02-04 01:19:00,155.124,155.152,155.124,155.15
2025-02-04 01:20:00,155.148,155.153,155.127,155.145
2025-02-04 01:21:00,155.146,155.184,155.145,155.18
2025-02-04 01:22:00,155.183,155.19,155.166,155.166
2025-02-04 01:23:00,155.166,155.17,155.144,155.169
2025-02-04 01:24:00,155.171,155.185,155.164,155.184
2025-02-04 01:25:00,155.182,155.217,155.164,155.181
2025-02-04 01:26:00,155.182,155.194,155.172,155.18
2025-02-04 01:27:00,155.181,155.194,155.168,155.176
2025-02-04 01:28:00,155.174,155.179,155.135,155.168
2025-02-04 01:29:00,155.17,155.175,155.154,155.158
2025-02-04 01:30:00,155.156,155.161,155.132,155.134
2025-02-04 01:31:00,155.145,155.158,155.121,155.136
2025-02-04 01:32:00,155.137,155.153,155.129,155.152
2025-02-04 01:33:00,155.153,155.171,155.131,155.133
2025-02-04 01:34:00,155.132,155.171,155.132,155.148
2025-02-04 01:35:00,155.146,155.159,155.127,155.147
2025-02-04 01:36:00,155.14,155.159,155.137,155.157
2025-02-04 01:37:00,155.158,155.173,155.133,155.145
2025-02-04 01:38:00,155.146,155.169,155.143,155.166
2025-02-04 01:39:00,155.167,155.169,155.15,155.16
2025-02-04 01:40:00,155.159,155.165,155.156,155.156
2025-02-04 01:41:00,155.156,155.183,155.153,155.153
2025-02-04 01:42:00,155.156,155.156,155.131,155.139
2025-02-04 01:43:00,155.133,155.144,155.129,155.139
2025-02-04 01:44:00,155.145,155.145,155.121,155.131
2025-02-04 01:45:00,155.133,155.198,155.132,155.177
2025-02-04 01:46:00,155.189,155.227,155.189,155.227
2025-02-04 01:47:00,155.227,155.254,155.218,155.218
2025-02-04 01:48:00,155.222,155.223,155.18,155.188
2025-02-04 01:49:00,155.192,155.258,155.191,155.256
2025-02-04 01:50:00,155.242,155.254,155.194,155.218
2025-02-04 01:51:00,155.218,155.218,155.182,155.199
2025-02-04 01:52:00,155.197,155.234,155.197,155.232
2025-02-04 01:53:00,155.233,155.259,155.229,155.23
2025-02-04 01:54:00,155.234,155.25,155.228,155.243
2025-02-04 01:55:00,155.244,155.259,155.218,155.242
2025-02-04 01:56:00,155.244,155.253,155.229,155.231
2025-02-04 01:57:00,155.231,155.276,155.229,155.276
2025-02-04 01:58:00,155.276,155.296,155.252,155.289
2025-02-04 01:59:00,155.292,155.295,155.269,155.27
2025-02-04 02:00:00,155.27,155.27,155.218,155.245
2025-02-04 02:01:00,155.255,155.269,155.216,155.24
2025-02-04 02:02:00,155.237,155.258,155.189,155.202
2025-02-04 02:03:00,155.203,155.24,155.202,155.24
2025-02-04 02:04:00,155.23,155.257,155.23,155.254
2025-02-04 02:05:00,155.265,155.276,155.255,155.275
2025-02-04 02:06:00,155.275,155.298,155.262,155.264
2025-02-04 02:07:00,155.264,155.291,155.264,155.275
2025-02-04 02:08:00,155.276,155.304,155.264,155.276
2025-02-04 02:09:00,155.277,155.3,155.274,155.3
2025-02-04 02:10:00,155.3,155.326,155.3,155.322
2025-02-04 02:11:00,155.324,155.347,155.312,155.313
2025-02-04 02:12:00,155.313,155.323,155.3,155.323
2025-02-04 02:13:00,155.324,155.341,155.315,155.336
2025-02-04 02:14:00,155.336,155.336,155.3,155.316
2025-02-04 02:15:00,155.316,155.337,155.312,155.313
2025-02-04 02:16:00,155.312,155.346,155.312,155.337
2025-02-04 02:17:00,155.339,155.339,155.314,155.314
2025-02-04 02:18:00,155.319,155.328,155.297,155.301
2025-02-04 02:19:00,155.3,155.302,155.296,155.299
2025-02-04 02:20:00,155.299,155.308,155.298,155.301
2025-02-04 02:21:00,155.301,155.302,155.293,155.299
2025-02-04 02:22:00,155.299,155.303,155.287,155.288
2025-02-04 02:23:00,155.287,155.291,155.277,155.291
2025-02-04 02:24:00,155.293,155.37,155.286,155.362
2025-02-04 02:25:00,155.362,155.372,155.355,155.357
2025-02-04 02:26:00,155.357,155.36,155.339,155.35
2025-02-04 02:27:00,155.35,155.371,155.337,155.347
2025-02-04 02:28:00,155.351,155.356,155.323,155.34
2025-02-04 02:29:00,155.34,155.375,155.34,155.375
2025-02-04 02:30:00,155.376,155.396,155.372,155.395
2025-02-04 02:31:00,155.396,155.397,155.348,155.348
2025-02-04 02:32:00,155.348,155.383,155.347,155.374
2025-02-04 02:33:00,155.381,155.383,155.372,155.381
2025-02-04 02:34:00,155.379,155.39,155.371,155.371
2025-02-04 02:35:00,155.373,155.373,155.346,155.373
2025-02-04 02:36:00,155.371,155.394,155.371,155.393
2025-02-04 02:37:00,155.393,155.403,155.38,155.385
2025-02-04 02:38:00,155.383,155.385,155.348,155.359
2025-02-04 02:39:00,155.359,155.371,155.352,155.362
2025-02-04 02:40:00,155.363,155.372,155.34,155.349
2025-02-04 02:41:00,155.35,155.36,155.329,155.339
2025-02-04 02:42:00,155.336,155.355,155.32,155.348
2025-02-04 02:43:00,155.349,155.354,155.333,155.345
2025-02-04 02:44:00,155.345,155.35,155.313,155.314
2025-02-04 02:45:00,155.315,155.323,155.252,155.253
2025-02-04 02:46:00,155.253,155.279,155.249,155.279
2025-02-04 02:47:00,155.282,155.321,155.282,155.321
2025-02-04 02:48:00,155.322,155.332,155.314,155.326
2025-02-04 02:49:00,155.325,155.34,155.32,155.331
2025-02-04 02:50:00,155.332,155.347,155.307,155.315
2025-02-04 02:51:00,155.317,155.328,155.287,155.304
2025-02-04 02:52:00,155.306,155.324,155.212,155.215
2025-02-04 02:53:00,155.207,155.321,155.206,155.313
2025-02-04 02:54:00,155.309,155.309,155.24,155.29
2025-02-04 02:55:00,155.303,155.303,155.26,155.264
2025-02-04 02:56:00,155.272,155.283,155.263,155.265
2025-02-04 02:57:00,155.266,155.315,155.266,155.309
2025-02-04 02:58:00,155.309,155.339,155.302,155.334
2025-02-04 02:59:00,155.334,155.334,155.309,155.313
2025-02-04 03:00:00,155.313,155.338,155.303,155.336
2025-02-04 03:01:00,155.332,155.332,155.263,155.284
2025-02-04 03:02:00,155.263,155.297,155.261,155.296
2025-02-04 03:03:00,155.295,155.296,155.264,155.295
2025-02-04 03:04:00,155.296,155.328,155.296,155.328
2025-02-04 03:05:00,155.326,155.327,155.294,155.303
2025-02-04 03:06:00,155.298,155.309,155.273,155.274
2025-02-04 03:07:00,155.276,155.288,155.27,155.273
2025-02-04 03:08:00,155.272,155.285,155.258,155.273
2025-02-04 03:09:00,155.273,155.285,155.263,155.264
2025-02-04 03:10:00,155.269,155.357,155.269,155.349
2025-02-04 03:11:00,155.35,155.394,155.336,155.336
2025-02-04 03:12:00,155.333,155.344,155.314,155.338
2025-02-04 03:13:00,155.342,155.357,155.339,155.351
2025-02-04 03:14:00,155.353,155.353,155.319,155.32
2025-02-04 03:15:00,155.31,155.327,155.159,155.159
2025-02-04 03:16:00,155.156,155.212,155.147,155.169
2025-02-04 03:17:00,155.169,155.219,155.167,155.197
2025-02-04 03:18:00,155.196,155.235,155.196,155.219
2025-02-04 03:19:00,155.216,155.225,155.191,155.211
2025-02-04 03:20:00,155.21,155.222,155.193,155.208
2025-02-04 03:21:00,155.216,155.241,155.205,155.233
2025-02-04 03:22:00,155.225,155.254,155.218,155.254
2025-02-04 03:23:00,155.254,155.284,155.252,155.273
2025-02-04 03:24:00,155.273,155.273,155.244,155.254
2025-02-04 03:25:00,155.24,155.272,155.237,155.266
2025-02-04 03:26:00,155.272,155.289,155.272,155.285
2025-02-04 03:27:00,155.284,155.284,155.229,155.233
2025-02-04 03:28:00,155.234,155.251,155.208,155.222
2025-02-04 03:29:00,155.208,155.224,155.178,155.22
2025-02-04 03:30:00,155.223,155.26,155.221,155.255
2025-02-04 03:31:00,155.254,155.266,155.245,155.26
2025-02-04 03:32:00,155.261,155.271,155.248,155.261
2025-02-04 03:33:00,155.261,155.279,155.261,155.271
2025-02-04 03:34:00,155.272,155.331,155.27,155.327
2025-02-04 03:35:00,155.327,155.327,155.302,155.302
2025-02-04 03:36:00,155.305,155.33,155.303,155.324
2025-02-04 03:37:00,155.328,155.344,155.323,155.337
2025-02-04 03:38:00,155.337,155.34,155.319,155.319
2025-02-04 03:39:00,155.319,155.33,155.307,155.323
2025-02-04 03:40:00,155.323,155.333,155.302,155.305
2025-02-04 03:41:00,155.304,155.308,155.275,155.284
2025-02-04 03:42:00,155.285,155.296,155.269,155.27
2025-02-04 03:43:00,155.27,155.274,155.251,155.258
2025-02-04 03:44:00,155.26,155.266,155.215,155.22
2025-02-04 03:45:00,155.215,155.217,155.203,155.21
2025-02-04 03:46:00,155.21,155.211,155.196,155.2
2025-02-04 03:47:00,155.19,155.202,155.175,155.199
2025-02-04 03:48:00,155.199,155.199,155.186,155.186
2025-02-04 03:49:00,155.187,155.188,155.161,155.166
2025-02-04 03:50:00,155.166,155.17,155.15,155.163
2025-02-04 03:51:00,155.163,155.175,155.138,155.138
2025-02-04 03:52:00,155.138,155.151,155.119,155.124
2025-02-04 03:53:00,155.125,155.126,155.104,155.104
2025-02-04 03:54:00,155.104,155.118,155.078,155.082
2025-02-04 03:55:00,155.08,155.093,155.075,155.081
2025-02-04 03:56:00,155.081,155.097,155.051,155.079
2025-02-04 03:57:00,155.075,155.108,155.075,155.105
2025-02-04 03:58:00,155.113,155.132,155.113,155.126
2025-02-04 03:59:00,155.125,155.128,155.108,155.109
2025-02-04 04:00:00,155.113,155.116,155.094,155.107
2025-02-04 04:01:00,155.107,155.13,155.105,155.109
2025-02-04 04:02:00,155.108,155.118,155.103,155.117
2025-02-04 04:03:00,155.118,155.142,155.118,155.126
2025-02-04 04:04:00,155.127,155.13,155.096,155.096
2025-02-04 04:05:00,155.096,155.107,155.083,155.083
2025-02-04 04:06:00,155.084,155.12,155.078,155.117
2025-02-04 04:07:00,155.117,155.135,155.114,155.115
2025-02-04 04:08:00,155.115,155.13,155.107,155.126
2025-02-04 04:09:00,155.126,155.145,155.125,155.141
2025-02-04 04:10:00,155.145,155.153,155.125,155.141
2025-02-04 04:11:00,155.142,155.147,155.128,155.131
2025-02-04 04:12:00,155.134,155.153,155.134,155.14
2025-02-04 04:13:00,155.14,155.162,155.135,155.157
2025-02-04 04:14:00,155.156,155.163,155.139,155.152
2025-02-04 04:15:00,155.153,155.172,155.153,155.163
2025-02-04 04:16:00,155.163,155.175,155.158,155.175
2025-02-04 04:17:00,155.176,155.182,155.168,155.168
2025-02-04 04:18:00,155.168,155.198,155.165,155.191
2025-02-04 04:19:00,155.191,155.2,155.186,155.194
2025-02-04 04:20:00,155.194,155.212,155.186,155.212
2025-02-04 04:21:00,155.212,155.219,155.202,155.217
2025-02-04 04:22:00,155.218,155.237,155.218,155.235
2025-02-04 04:23:00,155.237,155.238,155.224,155.228
2025-02-04 04:24:00,155.226,155.23,155.219,155.223
2025-02-04 04:25:00,155.222,155.236,155.221,155.224
2025-02-04 04:26:00,155.224,155.235,155.222,155.226
2025-02-04 04:27:00,155.226,155.233,155.204,155.224
2025-02-04 04:28:00,155.226,155.241,155.224,155.24
2025-02-04 04:29:00,155.24,155.248,155.238,155.243
2025-02-04 04:30:00,155.244,155.254,155.225,155.231
2025-02-04 04:31:00,155.23,155.237,155.222,155.234
2025-02-04 04:32:00,155.233,155.246,155.224,155.224
2025-02-04 04:33:00,155.224,155.228,155.21,155.223
2025-02-04 04:34:00,155.223,155.241,155.222,155.23
2025-02-04 04:35:00,155.23,155.246,155.23,155.245
2025-02-04 04:36:00,155.239,155.244,155.231,155.243
2025-02-04 04:37:00,155.246,155.247,155.228,155.235
2025-02-04 04:38:00,155.235,155.247,155.224,155.227
2025-02-04 04:39:00,155.23,155.232,155.209,155.216
2025-02-04 04:40:00,155.216,155.233,155.216,155.227
2025-02-04 04:41:00,155.227,155.234,155.226,155.229
2025-02-04 04:42:00,155.228,155.237,155.222,155.225
2025-02-04 04:43:00,155.225,155.23,155.22,155.227
2025-02-04 04:44:00,155.228,155.234,155.215,155.221
2025-02-04 04:45:00,155.217,155.223,155.203,155.203
2025-02-04 04:46:00,155.203,155.212,155.197,155.2
2025-02-04 04:47:00,155.2,155.213,155.199,155.206
2025-02-04 04:48:00,155.208,155.209,155.155,155.182
2025-02-04 04:49:00,155.184,155.189,155.172,155.183
2025-02-04 04:50:00,155.183,155.186,155.038,155.079
2025-02-04 04:51:00,155.081,155.114,155.057,155.114
2025-02-04 04:52:00,155.114,155.115,155.101,155.115
2025-02-04 04:53:00,155.115,155.177,155.114,155.166
2025-02-04 04:54:00,155.17,155.17,155.14,155.14
2025-02-04 04:55:00,155.141,155.151,155.13,155.141
2025-02-04 04:56:00,155.141,155.155,155.139,155.152
2025-02-04 04:57:00,155.152,155.153,155.139,155.15
2025-02-04 04:58:00,155.152,155.188,155.152,155.186
2025-02-04 04:59:00,155.186,155.186,155.151,155.153
2025-02-04 05:00:00,155.152,155.154,155.117,155.138
2025-02-04 05:01:00,155.138,155.153,155.129,155.153
2025-02-04 05:02:00,155.151,155.151,155.123,155.128
2025-02-04 05:03:00,155.127,155.14,155.089,155.101
2025-02-04 05:04:00,155.101,155.113,155.089,155.113
2025-02-04 05:05:00,155.113,155.119,155.105,155.112
2025-02-04 05:06:00,155.113,155.113,155.087,155.089
2025-02-04 05:07:00,155.089,155.093,155.076,155.078
2025-02-04 05:08:00,155.08,155.109,155.069,155.104
2025-02-04 05:09:00,155.114,155.12,155.104,155.105
2025-02-04 05:10:00,155.106,155.106,155.092,155.095
2025-02-04 05:11:00,155.094,155.096,155.088,155.093
2025-02-04 05:12:00,155.104,155.107,155.088,155.092
2025-02-04 05:13:00,155.094,155.095,155.09,155.095
2025-02-04 05:14:00,155.095,155.101,155.091,155.091
2025-02-04 05:15:00,155.09,155.103,155.086,155.092
2025-02-04 05:16:00,155.092,155.098,155.09,155.092
2025-02-04 05:17:00,155.092,155.094,155.086,155.092
2025-02-04 05:18:00,155.093,155.095,155.091,155.092
2025-02-04 05:19:00,155.094,155.114,155.093,155.113
2025-02-04 05:20:00,155.113,155.113,155.089,155.09
2025-02-04 05:21:00,155.091,155.102,155.087,155.102
2025-02-04 05:22:00,155.093,155.106,155.093,155.103
2025-02-04 05:23:00,155.104,155.175,155.104,155.155
2025-02-04 05:24:00,155.154,155.157,155.143,155.153
2025-02-04 05:25:00,155.153,155.154,155.101,155.108
2025-02-04 05:26:00,155.108,155.132,155.101,155.131
2025-02-04 05:27:00,155.14,155.143,155.114,155.121
2025-02-04 05:28:00,155.123,155.132,155.118,155.129
2025-02-04 05:29:00,155.129,155.148,155.129,155.144
2025-02-04 05:30:00,155.144,155.162,155.14,155.146
2025-02-04 05:31:00,155.151,155.175,155.151,155.165
2025-02-04 05:32:00,155.166,155.187,155.166,155.176
2025-02-04 05:33:00,155.176,155.193,155.176,155.191
2025-02-04 05:34:00,155.191,155.204,155.189,155.19
2025-02-04 05:35:00,155.189,155.201,155.184,155.189
2025-02-04 05:36:00,155.189,155.198,155.188,155.193
2025-02-04 05:37:00,155.191,155.203,155.191,155.199
2025-02-04 05:38:00,155.199,155.204,155.194,155.202
2025-02-04 05:39:00,155.202,155.227,155.202,155.227
2025-02-04 05:40:00,155.226,155.237,155.226,155.227
2025-02-04 05:41:00,155.227,155.273,155.226,155.266
2025-02-04 05:42:00,155.267,155.304,155.267,155.298
2025-02-04 05:43:00,155.297,155.298,155.262,155.262
2025-02-04 05:44:00,155.263,155.269,155.25,155.259
2025-02-04 05:45:00,155.259,155.262,155.225,155.229
2025-02-04 05:46:00,155.229,155.239,155.223,155.237
2025-02-04 05:47:00,155.237,155.256,155.234,155.235
2025-02-04 05:48:00,155.236,155.251,155.234,155.25
2025-02-04 05:49:00,155.25,155.259,155.24,155.247
2025-02-04 05:50:00,155.242,155.245,155.214,155.22
2025-02-04 05:51:00,155.22,155.222,155.205,155.211
2025-02-04 05:52:00,155.211,155.216,155.203,155.211
2025-02-04 05:53:00,155.204,155.21,155.198,155.199
2025-02-04 05:54:00,155.2,155.216,155.198,155.211
2025-02-04 05:55:00,155.21,155.227,155.208,155.224
2025-02-04 05:56:00,155.224,155.224,155.201,155.207
2025-02-04 05:57:00,155.208,155.22,155.195,155.22
2025-02-04 05:58:00,155.222,155.223,155.205,155.209
2025-02-04 05:59:00,155.211,155.228,155.208,155.211
2025-02-04 06:00:00,155.212,155.214,155.202,155.21
2025-02-04 06:01:00,155.21,155.214,155.187,155.201
2025-02-04 06:02:00,155.203,155.205,155.197,155.201
2025-02-04 06:03:00,155.202,155.216,155.196,155.208
2025-02-04 06:04:00,155.208,155.211,155.202,155.202
2025-02-04 06:05:00,155.203,155.223,155.2,155.216
2025-02-04 06:06:00,155.216,155.235,155.208,155.233
2025-02-04 06:07:00,155.224,155.236,155.214,155.221
2025-02-04 06:08:00,155.222,155.225,155.22,155.222
2025-02-04 06:09:00,155.222,155.233,155.221,155.227
2025-02-04 06:10:00,155.227,155.233,155.222,155.225
2025-02-04 06:11:00,155.226,155.233,155.219,155.22
2025-02-04 06:12:00,155.221,155.236,155.21,155.233
2025-02-04 06:13:00,155.233,155.239,155.223,155.223
2025-02-04 06:14:00,155.222,155.223,155.213,155.214
2025-02-04 06:15:00,155.213,155.225,155.211,155.224
2025-02-04 06:16:00,155.225,155.263,155.224,155.248
2025-02-04 06:17:00,155.247,155.256,155.229,155.256
2025-02-04 06:18:00,155.257,155.259,155.243,155.258
2025-02-04 06:19:00,155.26,155.264,155.251,155.263
2025-02-04 06:20:00,155.263,155.275,155.263,155.271
2025-02-04 06:21:00,155.271,155.274,155.257,155.267
2025-02-04 06:22:00,155.266,155.27,155.258,155.263
2025-02-04 06:23:00,155.263,155.268,155.251,155.255
2025-02-04 06:24:00,155.256,155.263,155.232,155.233
2025-02-04 06:25:00,155.233,155.246,155.222,155.246
2025-02-04 06:26:00,155.246,155.258,155.222,155.226
2025-02-04 06:27:00,155.226,155.239,155.225,155.235
2025-02-04 06:28:00,155.235,155.239,155.233,155.233
2025-02-04 06:29:00,155.233,155.253,155.233,155.247
2025-02-04 06:30:00,155.246,155.273,155.246,155.272
2025-02-04 06:31:00,155.272,155.275,155.266,155.275
2025-02-04 06:32:00,155.276,155.279,155.268,155.277
2025-02-04 06:33:00,155.277,155.287,155.277,155.287
2025-02-04 06:34:00,155.286,155.287,155.281,155.282
2025-02-04 06:35:00,155.283,155.284,155.244,155.25
2025-02-04 06:36:00,155.25,155.251,155.222,155.233
2025-02-04 06:37:00,155.234,155.254,155.232,155.244
2025-02-04 06:38:00,155.244,155.254,155.239,155.244
2025-02-04 06:39:00,155.244,155.274,155.244,155.268
2025-02-04 06:40:00,155.269,155.288,155.269,155.274
2025-02-04 06:41:00,155.275,155.276,155.255,155.259
2025-02-04 06:42:00,155.258,155.268,155.255,155.268
2025-02-04 06:43:00,155.264,155.264,155.245,155.25
2025-02-04 06:44:00,155.252,155.268,155.248,155.26
2025-02-04 06:45:00,155.26,155.264,155.259,155.262
2025-02-04 06:46:00,155.262,155.274,155.262,155.273
2025-02-04 06:47:00,155.273,155.277,155.261,155.263
2025-02-04 06:48:00,155.267,155.284,155.267,155.282
2025-02-04 06:49:00,155.282,155.285,155.267,155.268
2025-02-04 06:50:00,155.268,155.274,155.254,155.265
2025-02-04 06:51:00,155.263,155.27,155.262,155.269
2025-02-04 06:52:00,155.269,155.288,155.269,155.288
2025-02-04 06:53:00,155.286,155.286,155.263,155.263
2025-02-04 06:54:00,155.263,155.265,155.257,155.258
2025-02-04 06:55:00,155.258,155.263,155.256,155.259
2025-02-04 06:56:00,155.259,155.274,155.256,155.269
2025-02-04 06:57:00,155.269,155.276,155.24,155.24
2025-02-04 06:58:00,155.24,155.266,155.24,155.263
2025-02-04 06:59:00,155.263,155.284,155.263,155.283
2025-02-04 07:00:00,155.284,155.296,155.283,155.296
2025-02-04 07:01:00,155.295,155.327,155.27,155.27
2025-02-04 07:02:00,155.272,155.272,155.173,155.191
2025-02-04 07:03:00,155.191,155.198,155.155,155.158
2025-02-04 07:04:00,155.159,155.198,155.132,155.136
2025-02-04 07:05:00,155.135,155.146,155.045,155.045
2025-02-04 07:06:00,155.046,155.046,154.891,154.893
2025-02-04 07:07:00,154.895,154.946,154.827,154.937
2025-02-04 07:08:00,154.936,154.959,154.906,154.937
2025-02-04 07:09:00,154.938,154.945,154.88,154.925
2025-02-04 07:10:00,154.93,155.004,154.903,154.981
2025-02-04 07:11:00,154.983,154.996,154.96,154.992
2025-02-04 07:12:00,154.989,155.022,154.954,155.022
2025-02-04 07:13:00,155.014,155.035,154.958,154.969
2025-02-04 07:14:00,154.969,154.994,154.962,154.972
2025-02-04 07:15:00,154.982,155.008,154.958,154.973
2025-02-04 07:16:00,154.971,154.977,154.935,154.96
2025-02-04 07:17:00,154.958,155.034,154.958,155.031
2025-02-04 07:18:00,155.034,155.058,154.999,155.041
2025-02-04 07:19:00,155.042,155.044,155.01,155.011
2025-02-04 07:20:00,155.012,155.043,155.01,155.039
2025-02-04 07:21:00,155.04,155.04,154.993,155.007
2025-02-04 07:22:00,155.008,155.035,154.979,155.008
2025-02-04 07:23:00,155.008,155.028,154.979,155.028
2025-02-04 07:24:00,155.031,155.068,155.027,155.063
2025-02-04 07:25:00,155.07,155.07,155.02,155.02
2025-02-04 07:26:00,155.02,155.049,155.018,155.037
2025-02-04 07:27:00,155.036,155.061,155.03,155.059
2025-02-04 07:28:00,155.057,155.081,155.056,155.065
2025-02-04 07:29:00,155.064,155.082,155.029,155.059
2025-02-04 07:30:00,155.069,155.075,155.046,155.069
2025-02-04 07:31:00,155.063,155.073,155.052,155.066
2025-02-04 07:32:00,155.067,155.106,155.065,155.105
2025-02-04 07:33:00,155.105,155.108,155.079,155.092
2025-02-04 07:34:00,155.092,155.095,155.075,155.083
2025-02-04 07:35:00,155.082,155.107,155.082,155.101
2025-02-04 07:36:00,155.103,155.134,155.075,155.134
2025-02-04 07:37:00,155.133,155.145,155.127,155.132
2025-02-04 07:38:00,155.13,155.137,155.126,155.128
2025-02-04 07:39:00,155.129,155.144,155.114,155.141
2025-02-04 07:40:00,155.142,155.143,155.114,155.133
2025-02-04 07:41:00,155.133,155.144,155.129,155.142
2025-02-04 07:42:00,155.145,155.161,155.137,155.156
2025-02-04 07:43:00,155.155,155.155,155.13,155.149
2025-02-04 07:44:00,155.143,155.191,155.142,155.191
2025-02-04 07:45:00,155.191,155.236,155.19,155.199
2025-02-04 07:46:00,155.2,155.237,155.198,155.233
2025-02-04 07:47:00,155.236,155.236,155.215,155.23
2025-02-04 07:48:00,155.229,155.237,155.226,155.235
2025-02-04 07:49:00,155.236,155.245,155.224,155.226
2025-02-04 07:50:00,155.227,155.274,155.225,155.258
2025-02-04 07:51:00,155.265,155.27,155.247,155.261
2025-02-04 07:52:00,155.255,155.263,155.241,155.26
2025-02-04 07:53:00,155.261,155.275,155.259,155.273
2025-02-04 07:54:00,155.273,155.274,155.246,155.246
2025-02-04 07:55:00,155.247,155.264,155.241,155.26
2025-02-04 07:56:00,155.259,155.26,155.22,155.237
2025-02-04 07:57:00,155.238,155.26,155.236,155.26
2025-02-04 07:58:00,155.26,155.273,155.256,155.271
2025-02-04 07:59:00,155.271,155.273,155.242,155.249
2025-02-04 08:00:00,155.249,155.273,155.246,155.26
2025-02-04 08:01:00,155.26,155.273,155.252,155.255
2025-02-04 08:02:00,155.255,155.263,155.24,155.262
2025-02-04 08:03:00,155.261,155.276,155.259,155.274
2025-02-04 08:04:00,155.273,155.293,155.271,155.274
2025-02-04 08:05:00,155.273,155.277,155.247,155.261
2025-02-04 08:06:00,155.262,155.286,155.258,155.281
2025-02-04 08:07:00,155.281,155.287,155.261,155.282
2025-02-04 08:08:00,155.282,155.291,155.235,155.241
2025-02-04 08:09:00,155.245,155.248,155.233,155.235
2025-02-04 08:10:00,155.234,155.244,155.2,155.211
2025-02-04 08:11:00,155.212,155.255,155.21,155.238
2025-02-04 08:12:00,155.237,155.283,155.235,155.281
2025-02-04 08:13:00,155.281,155.285,155.269,155.27
2025-02-04 08:14:00,155.267,155.275,155.263,155.266
2025-02-04 08:15:00,155.266,155.295,155.261,155.293
2025-02-04 08:16:00,155.293,155.295,155.273,155.273
2025-02-04 08:17:00,155.272,155.28,155.259,155.28
2025-02-04 08:18:00,155.28,155.282,155.276,155.279
2025-02-04 08:19:00,155.28,155.28,155.246,155.246
2025-02-04 08:20:00,155.245,155.269,155.245,155.268
2025-02-04 08:21:00,155.268,155.309,155.237,155.308
2025-02-04 08:22:00,155.308,155.334,155.308,155.329
2025-02-04 08:23:00,155.33,155.349,155.33,155.347
2025-02-04 08:24:00,155.347,155.372,155.342,155.358
2025-02-04 08:25:00,155.366,155.378,155.362,155.37
2025-02-04 08:26:00,155.369,155.39,155.361,155.377
2025-02-04 08:27:00,155.377,155.391,155.355,155.355
2025-02-04 08:28:00,155.356,155.375,155.346,155.375
2025-02-04 08:29:00,155.375,155.381,155.367,155.367
2025-02-04 08:30:00,155.365,155.365,155.316,155.316
2025-02-04 08:31:00,155.317,155.346,155.316,155.328
2025-02-04 08:32:00,155.329,155.341,155.306,155.306
2025-02-04 08:33:00,155.307,155.318,155.303,155.317
2025-02-04 08:34:00,155.316,155.318,155.292,155.293
2025-02-04 08:35:00,155.293,155.302,155.263,155.282
2025-02-04 08:36:00,155.285,155.295,155.271,155.271
2025-02-04 08:37:00,155.271,155.273,155.242,155.244
2025-02-04 08:38:00,155.244,155.259,155.234,155.258
2025-02-04 08:39:00,155.259,155.262,155.246,155.248
2025-02-04 08:40:00,155.249,155.255,155.233,155.235
2025-02-04 08:41:00,155.235,155.269,155.23,155.269
2025-02-04 08:42:00,155.27,155.27,155.25,155.269
2025-02-04 08:43:00,155.268,155.268,155.249,155.254
2025-02-04 08:44:00,155.255,155.255,155.185,155.186
2025-02-04 08:45:00,155.186,155.194,155.163,155.174
2025-02-04 08:46:00,155.173,155.183,155.16,155.182
2025-02-04 08:47:00,155.183,155.2,155.173,155.199
2025-02-04 08:48:00,155.199,155.223,155.196,155.223
2025-02-04 08:49:00,155.223,155.24,155.223,155.229
2025-02-04 08:50:00,155.232,155.242,155.231,155.233
2025-02-04 08:51:00,155.232,155.235,155.195,155.198
2025-02-04 08:52:00,155.198,155.21,155.196,155.196
2025-02-04 08:53:00,155.195,155.195,155.182,155.195
2025-02-04 08:54:00,155.195,155.207,155.185,155.204
2025-02-04 08:55:00,155.202,155.207,155.186,155.196
2025-02-04 08:56:00,155.197,155.208,155.182,155.207
2025-02-04 08:57:00,155.206,155.207,155.19,155.193
2025-02-04 08:58:00,155.177,155.229,155.177,155.22
2025-02-04 08:59:00,155.22,155.236,155.22,155.221
2025-02-04 09:00:00,155.207,155.281,155.207,155.274
2025-02-04 09:01:00,155.268,155.271,155.244,155.244
2025-02-04 09:02:00,155.244,155.244,155.196,155.198
2025-02-04 09:03:00,155.198,155.222,155.196,155.213
2025-02-04 09:04:00,155.214,155.233,155.208,155.232
2025-02-04 09:05:00,155.232,155.237,155.221,155.235
2025-02-04 09:06:00,155.233,155.269,155.233,155.257
2025-02-04 09:07:00,155.257,155.269,155.245,155.261
2025-02-04 09:08:00,155.261,155.262,155.247,155.258
2025-02-04 09:09:00,155.257,155.281,155.256,155.28
2025-02-04 09:10:00,155.273,155.273,155.262,155.269
2025-02-04 09:11:00,155.27,155.28,155.258,155.279
2025-02-04 09:12:00,155.279,155.292,155.277,155.281
2025-02-04 09:13:00,155.283,155.3,155.28,155.3
2025-02-04 09:14:00,155.303,155.326,155.303,155.324
2025-02-04 09:15:00,155.325,155.333,155.31,155.31
2025-02-04 09:16:00,155.31,155.319,155.296,155.302
2025-02-04 09:17:00,155.305,155.33,155.304,155.33
2025-02-04 09:18:00,155.329,155.331,155.305,155.305
2025-02-04 09:19:00,155.304,155.33,155.304,155.312
2025-02-04 09:20:00,155.315,155.332,155.309,155.319
2025-02-04 09:21:00,155.318,155.327,155.307,155.313
2025-02-04 09:22:00,155.314,155.323,155.252,155.257
2025-02-04 09:23:00,155.26,155.267,155.249,155.267
2025-02-04 09:24:00,155.269,155.276,155.253,155.269
2025-02-04 09:25:00,155.27,155.274,155.243,155.244
2025-02-04 09:26:00,155.239,155.267,155.23,155.256
2025-02-04 09:27:00,155.256,155.277,155.254,155.277
2025-02-04 09:28:00,155.276,155.291,155.269,155.283
2025-02-04 09:29:00,155.285,155.291,155.274,155.282
2025-02-04 09:30:00,155.282,155.308,155.282,155.307
2025-02-04 09:31:00,155.306,155.335,155.305,155.33
2025-02-04 09:32:00,155.33,155.336,155.303,155.304
2025-02-04 09:33:00,155.305,155.337,155.305,155.329
2025-02-04 09:34:00,155.328,155.339,155.307,155.335
2025-02-04 09:35:00,155.335,155.36,155.335,155.34
2025-02-04 09:36:00,155.341,155.354,155.34,155.342
2025-02-04 09:37:00,155.343,155.352,155.326,155.34
2025-02-04 09:38:00,155.34,155.354,155.34,155.353
2025-02-04 09:39:00,155.353,155.354,155.306,155.307
2025-02-04 09:40:00,155.303,155.304,155.264,155.274
2025-02-04 09:41:00,155.273,155.291,155.265,155.265
2025-02-04 09:42:00,155.266,155.269,155.256,155.257
2025-02-04 09:43:00,155.257,155.258,155.232,155.232
2025-02-04 09:44:00,155.233,155.233,155.17,155.175
2025-02-04 09:45:00,155.175,155.211,155.171,155.211
2025-02-04 09:46:00,155.211,155.211,155.19,155.198
2025-02-04 09:47:00,155.198,155.226,155.198,155.221
2025-02-04 09:48:00,155.222,155.235,155.22,155.233
2025-02-04 09:49:00,155.233,155.26,155.233,155.259
2025-02-04 09:50:00,155.26,155.275,155.259,155.265
2025-02-04 09:51:00,155.268,155.279,155.268,155.271
2025-02-04 09:52:00,155.272,155.283,155.248,155.283
2025-02-04 09:53:00,155.283,155.329,155.283,155.319
2025-02-04 09:54:00,155.32,155.328,155.274,155.283
2025-02-04 09:55:00,155.286,155.321,155.286,155.306
2025-02-04 09:56:00,155.305,155.307,155.292,155.305
2025-02-04 09:57:00,155.306,155.332,155.288,155.332
2025-02-04 09:58:00,155.332,155.342,155.322,155.342
2025-02-04 09:59:00,155.343,155.345,155.32,155.326
2025-02-04 10:00:00,155.327,155.412,155.286,155.396
2025-02-04 10:01:00,155.395,155.44,155.366,155.44
2025-02-04 10:02:00,155.439,155.441,155.42,155.44
2025-02-04 10:03:00,155.439,155.448,155.425,155.426
2025-02-04 10:04:00,155.425,155.439,155.409,155.41
2025-02-04 10:05:00,155.41,155.41,155.376,155.39
2025-02-04 10:06:00,155.389,155.42,155.377,155.414
2025-02-04 10:07:00,155.413,155.423,155.389,155.398
2025-02-04 10:08:00,155.397,155.419,155.395,155.413
2025-02-04 10:09:00,155.413,155.432,155.397,155.431
2025-02-04 10:10:00,155.431,155.469,155.431,155.461
2025-02-04 10:11:00,155.461,155.464,155.441,155.45
2025-02-04 10:12:00,155.45,155.472,155.437,155.461
2025-02-04 10:13:00,155.462,155.473,155.459,155.471
2025-02-04 10:14:00,155.471,155.473,155.447,155.469
2025-02-04 10:15:00,155.468,155.481,155.447,155.458
2025-02-04 10:16:00,155.459,155.484,155.447,155.483
2025-02-04 10:17:00,155.485,155.486,155.473,155.481
2025-02-04 10:18:00,155.481,155.52,155.47,155.486
2025-02-04 10:19:00,155.487,155.498,155.387,155.409
2025-02-04 10:20:00,155.41,155.449,155.408,155.435
2025-02-04 10:21:00,155.435,155.454,155.425,155.425
2025-02-04 10:22:00,155.425,155.449,155.4,155.441
2025-02-04 10:23:00,155.436,155.46,155.425,155.454
2025-02-04 10:24:00,155.454,155.486,155.448,155.45
2025-02-04 10:25:00,155.452,155.452,155.4,155.412
2025-02-04 10:26:00,155.412,155.417,155.387,155.412
2025-02-04 10:27:00,155.411,155.439,155.411,155.415
2025-02-04 10:28:00,155.414,155.424,155.377,155.377
2025-02-04 10:29:00,155.376,155.377,155.341,155.351
2025-02-04 10:30:00,155.35,155.377,155.346,155.352
2025-02-04 10:31:00,155.352,155.352,155.281,155.281
2025-02-04 10:32:00,155.28,155.295,155.261,155.269
2025-02-04 10:33:00,155.261,155.261,155.213,155.213
2025-02-04 10:34:00,155.22,155.243,155.213,155.243
2025-02-04 10:35:00,155.244,155.258,155.213,155.218
2025-02-04 10:36:00,155.22,155.236,155.207,155.223
2025-02-04 10:37:00,155.223,155.225,155.162,155.174
2025-02-04 10:38:00,155.175,155.209,155.16,155.202
2025-02-04 10:39:00,155.209,155.237,155.191,155.232
2025-02-04 10:40:00,155.234,155.244,155.221,155.235
2025-02-04 10:41:00,155.234,155.252,155.23,155.246
2025-02-04 10:42:00,155.245,155.262,155.244,155.259
2025-02-04 10:43:00,155.258,155.262,155.222,155.225
2025-02-04 10:44:00,155.222,155.225,155.192,155.196
2025-02-04 10:45:00,155.195,155.195,155.172,155.183
2025-02-04 10:46:00,155.177,155.213,155.177,155.202
2025-02-04 10:47:00,155.202,155.212,155.17,155.17
2025-02-04 10:48:00,155.171,155.174,155.129,155.161
2025-02-04 10:49:00,155.165,155.165,155.141,155.159
2025-02-04 10:50:00,155.156,155.179,155.148,155.162
2025-02-04 10:51:00,155.161,155.194,155.155,155.186
2025-02-04 10:52:00,155.188,155.204,155.165,155.165
2025-02-04 10:53:00,155.162,155.174,155.152,155.162
2025-02-04 10:54:00,155.162,155.21,155.162,155.199
2025-02-04 10:55:00,155.201,155.222,155.201,155.212
2025-02-04 10:56:00,155.21,155.249,155.196,155.249
2025-02-04 10:57:00,155.258,155.263,155.236,155.237
2025-02-04 10:58:00,155.238,155.272,155.233,155.249
2025-02-04 10:59:00,155.25,155.253,155.237,155.245
2025-02-04 11:00:00,155.245,155.272,155.236,155.263
2025-02-04 11:01:00,155.266,155.323,155.252,155.299
2025-02-04 11:02:00,155.298,155.314,155.294,155.306
2025-02-04 11:03:00,155.308,155.315,155.286,155.3
2025-02-04 11:04:00,155.303,155.306,155.284,155.287
2025-02-04 11:05:00,155.29,155.293,155.205,155.208
2025-02-04 11:06:00,155.213,155.233,155.207,155.209
2025-02-04 11:07:00,155.209,155.209,155.177,155.181
2025-02-04 11:08:00,155.181,155.186,155.168,155.176
2025-02-04 11:09:00,155.178,155.2,155.172,155.181
2025-02-04 11:10:00,155.176,155.195,155.174,155.194
2025-02-04 11:11:00,155.193,155.208,155.171,155.172
2025-02-04 11:12:00,155.173,155.178,155.149,155.172
2025-02-04 11:13:00,155.172,155.188,155.171,155.188
2025-02-04 11:14:00,155.198,155.211,155.173,155.19
2025-02-04 11:15:00,155.191,155.199,155.141,155.155
2025-02-04 11:16:00,155.156,155.175,155.151,155.173
2025-02-04 11:17:00,155.174,155.196,155.166,155.195
2025-02-04 11:18:00,155.195,155.196,155.16,155.163
2025-02-04 11:19:00,155.163,155.189,155.163,155.188
2025-02-04 11:20:00,155.187,155.188,155.174,155.177
2025-02-04 11:21:00,155.176,155.186,155.095,155.103
2025-02-04 11:22:00,155.104,155.131,155.096,155.128
2025-02-04 11:23:00,155.128,155.128,155.101,155.123
2025-02-04 11:24:00,155.123,155.151,155.115,155.15
2025-02-04 11:25:00,155.151,155.189,155.15,155.183
2025-02-04 11:26:00,155.183,155.188,155.161,155.172
2025-02-04 11:27:00,155.173,155.184,155.16,155.176
2025-02-04 11:28:00,155.177,155.177,155.138,155.14
2025-02-04 11:29:00,155.14,155.141,155.09,155.092
2025-02-04 11:30:00,155.103,155.103,155.079,155.086
2025-02-04 11:31:00,155.085,155.102,155.082,155.098
2025-02-04 11:32:00,155.101,155.102,155.084,155.09
2025-02-04 11:33:00,155.09,155.104,155.087,155.101
2025-02-04 11:34:00,155.1,155.102,155.085,155.088
2025-02-04 11:35:00,155.088,155.102,155.065,155.099
2025-02-04 11:36:00,155.1,155.103,155.094,155.1
2025-02-04 11:37:00,155.099,155.124,155.096,155.112
2025-02-04 11:38:00,155.112,155.175,155.106,155.173
2025-02-04 11:39:00,155.173,155.202,155.168,155.199
2025-02-04 11:40:00,155.198,155.234,155.196,155.224
2025-02-04 11:41:00,155.225,155.225,155.21,155.224
2025-02-04 11:42:00,155.223,155.242,155.221,155.232
2025-02-04 11:43:00,155.233,155.254,155.225,155.227
2025-02-04 11:44:00,155.226,155.248,155.225,155.246
2025-02-04 11:45:00,155.245,155.281,155.234,155.277
2025-02-04 11:46:00,155.277,155.283,155.257,155.278
2025-02-04 11:47:00,155.278,155.292,155.271,155.277
2025-02-04 11:48:00,155.277,155.29,155.269,155.279
2025-02-04 11:49:00,155.274,155.292,155.274,155.283
2025-02-04 11:50:00,155.284,155.286,155.265,155.271
2025-02-04 11:51:00,155.27,155.296,155.269,155.292
2025-02-04 11:52:00,155.293,155.299,155.278,155.282
2025-02-04 11:53:00,155.282,155.296,155.28,155.289
2025-02-04 11:54:00,155.289,155.322,155.289,155.313
2025-02-04 11:55:00,155.313,155.332,155.31,155.332
2025-02-04 11:56:00,155.334,155.334,155.279,155.279
2025-02-04 11:57:00,155.279,155.325,155.277,155.316
2025-02-04 11:58:00,155.317,155.352,155.306,155.34
2025-02-04 11:59:00,155.341,155.355,155.337,155.341
2025-02-04 12:00:00,155.342,155.36,155.337,155.357
2025-02-04 12:01:00,155.354,155.359,155.33,155.338
2025-02-04 12:02:00,155.338,155.342,155.318,155.332
2025-02-04 12:03:00,155.33,155.337,155.324,155.327
2025-02-04 12:04:00,155.325,155.327,155.294,155.294
2025-02-04 12:05:00,155.296,155.305,155.296,155.301
2025-02-04 12:06:00,155.301,155.308,155.292,155.293
2025-02-04 12:07:00,155.294,155.337,155.293,155.336
2025-02-04 12:08:00,155.336,155.342,155.296,155.307
2025-02-04 12:09:00,155.306,155.314,155.303,155.304
2025-02-04 12:10:00,155.306,155.318,155.29,155.305
2025-02-04 12:11:00,155.305,155.313,155.296,155.304
2025-02-04 12:12:00,155.303,155.312,155.292,155.304
2025-02-04 12:13:00,155.305,155.318,155.295,155.303
2025-02-04 12:14:00,155.302,155.327,155.301,155.305
2025-02-04 12:15:00,155.305,155.326,155.305,155.326
2025-02-04 12:16:00,155.326,155.327,155.323,155.327
2025-02-04 12:17:00,155.327,155.348,155.325,155.326
2025-02-04 12:18:00,155.325,155.327,155.315,155.319
2025-02-04 12:19:00,155.32,155.341,155.315,155.339
2025-02-04 12:20:00,155.339,155.362,155.339,155.34
2025-02-04 12:21:00,155.34,155.351,155.338,155.338
2025-02-04 12:22:00,155.337,155.339,155.308,155.315
2025-02-04 12:23:00,155.315,155.315,155.302,155.303
2025-02-04 12:24:00,155.303,155.307,155.27,155.289
2025-02-04 12:25:00,155.286,155.289,155.247,155.25
2025-02-04 12:26:00,155.249,155.264,155.249,155.262
2025-02-04 12:27:00,155.262,155.267,155.255,155.256
2025-02-04 12:28:00,155.256,155.267,155.253,155.265
2025-02-04 12:29:00,155.265,155.269,155.248,155.249
2025-02-04 12:30:00,155.247,155.266,155.242,155.257
2025-02-04 12:31:00,155.257,155.284,155.256,155.284
2025-02-04 12:32:00,155.285,155.285,155.265,155.274
2025-02-04 12:33:00,155.274,155.282,155.261,155.28
2025-02-04 12:34:00,155.278,155.282,155.26,155.277
2025-02-04 12:35:00,155.278,155.289,155.276,155.288
2025-02-04 12:36:00,155.289,155.327,155.287,155.317
2025-02-04 12:37:00,155.317,155.335,155.304,155.308
2025-02-04 12:38:00,155.309,155.32,155.304,155.314
2025-02-04 12:39:00,155.314,155.324,155.31,155.314
2025-02-04 12:40:00,155.315,155.321,155.29,155.321
2025-02-04 12:41:00,155.321,155.326,155.288,155.292
2025-02-04 12:42:00,155.292,155.311,155.288,155.295
2025-02-04 12:43:00,155.301,155.314,155.291,155.293
2025-02-04 12:44:00,155.294,155.304,155.288,155.29
2025-02-04 12:45:00,155.29,155.304,155.287,155.291
2025-02-04 12:46:00,155.291,155.293,155.28,155.288
2025-02-04 12:47:00,155.288,155.324,155.288,155.306
2025-02-04 12:48:00,155.305,155.334,155.304,155.327
2025-02-04 12:49:00,155.328,155.329,155.316,155.326
2025-02-04 12:50:00,155.327,155.329,155.311,155.318
2025-02-04 12:51:00,155.316,155.317,155.306,155.306
2025-02-04 12:52:00,155.307,155.32,155.306,155.315
2025-02-04 12:53:00,155.316,155.328,155.305,155.328
2025-02-04 12:54:00,155.328,155.328,155.3,155.313
2025-02-04 12:55:00,155.314,155.315,155.29,155.291
2025-02-04 12:56:00,155.291,155.291,155.277,155.278
2025-02-04 12:57:00,155.279,155.282,155.256,155.264
2025-02-04 12:58:00,155.265,155.278,155.263,155.27
2025-02-04 12:59:00,155.269,155.277,155.268,155.27
2025-02-04 13:00:00,155.254,155.259,155.232,155.245
2025-02-04 13:01:00,155.246,155.254,155.241,155.252
2025-02-04 13:02:00,155.252,155.259,155.24,155.254
2025-02-04 13:03:00,155.254,155.287,155.254,155.284
2025-02-04 13:04:00,155.283,155.293,155.259,155.274
2025-02-04 13:05:00,155.272,155.273,155.25,155.265
2025-02-04 13:06:00,155.265,155.277,155.263,155.273
2025-02-04 13:07:00,155.274,155.285,155.267,155.277
2025-02-04 13:08:00,155.277,155.277,155.265,155.275
2025-02-04 13:09:00,155.275,155.275,155.255,155.26
2025-02-04 13:10:00,155.256,155.272,155.255,155.264
2025-02-04 13:11:00,155.267,155.275,155.263,155.269
2025-02-04 13:12:00,155.27,155.294,155.263,155.283
2025-02-04 13:13:00,155.285,155.286,155.256,155.263
2025-02-04 13:14:00,155.263,155.266,155.251,155.253
2025-02-04 13:15:00,155.254,155.259,155.235,155.237
2025-02-04 13:16:00,155.236,155.238,155.227,155.228
2025-02-04 13:17:00,155.227,155.228,155.211,155.216
2025-02-04 13:18:00,155.216,155.22,155.206,155.209
2025-02-04 13:19:00,155.209,155.213,155.191,155.193
2025-02-04 13:20:00,155.193,155.194,155.188,155.194
2025-02-04 13:21:00,155.194,155.194,155.164,155.168
2025-02-04 13:22:00,155.167,155.179,155.149,155.161
2025-02-04 13:23:00,155.161,155.165,155.144,155.165
2025-02-04 13:24:00,155.164,155.198,155.164,155.193
2025-02-04 13:25:00,155.196,155.228,155.196,155.217
2025-02-04 13:26:00,155.217,155.221,155.207,155.21
2025-02-04 13:27:00,155.21,155.229,155.207,155.218
2025-02-04 13:28:00,155.218,155.229,155.21,155.212
2025-02-04 13:29:00,155.212,155.24,155.211,155.238
2025-02-04 13:30:00,155.238,155.277,155.234,155.267
2025-02-04 13:31:00,155.261,155.269,155.25,155.258
2025-02-04 13:32:00,155.258,155.283,155.252,155.283
2025-02-04 13:33:00,155.284,155.289,155.278,155.282
2025-02-04 13:34:00,155.282,155.283,155.278,155.281
2025-02-04 13:35:00,155.281,155.284,155.277,155.282
2025-02-04 13:36:00,155.282,155.286,155.279,155.284
2025-02-04 13:37:00,155.284,155.295,155.284,155.294
2025-02-04 13:38:00,155.293,155.305,155.293,155.304
2025-02-04 13:39:00,155.304,155.332,155.302,155.332
2025-02-04 13:40:00,155.332,155.335,155.315,155.32
2025-02-04 13:41:00,155.32,155.32,155.312,155.315
2025-02-04 13:42:00,155.308,155.312,155.267,155.269
2025-02-04 13:43:00,155.272,155.277,155.254,155.255
2025-02-04 13:44:00,155.256,155.275,155.253,155.269
2025-02-04 13:45:00,155.269,155.276,155.254,155.255
2025-02-04 13:46:00,155.254,155.279,155.254,155.264
2025-02-04 13:47:00,155.265,155.267,155.249,155.253
2025-02-04 13:48:00,155.252,155.29,155.252,155.277
2025-02-04 13:49:00,155.277,155.298,155.276,155.298
2025-02-04 13:50:00,155.297,155.308,155.289,155.308
2025-02-04 13:51:00,155.31,155.316,155.284,155.292
2025-02-04 13:52:00,155.292,155.312,155.28,155.311
2025-02-04 13:53:00,155.312,155.314,155.3,155.3
2025-02-04 13:54:00,155.299,155.313,155.279,155.279
2025-02-04 13:55:00,155.277,155.295,155.276,155.278
2025-02-04 13:56:00,155.277,155.302,155.276,155.302
2025-02-04 13:57:00,155.302,155.325,155.301,155.324
2025-02-04 13:58:00,155.325,155.333,155.317,155.324
2025-02-04 13:59:00,155.324,155.328,155.313,155.313
2025-02-04 14:00:00,155.314,155.344,155.309,155.34
2025-02-04 14:01:00,155.342,155.361,155.325,155.349
2025-02-04 14:02:00,155.349,155.386,155.349,155.372
2025-02-04 14:03:00,155.37,155.383,155.365,155.366
2025-02-04 14:04:00,155.374,155.392,155.373,155.389
2025-02-04 14:05:00,155.387,155.387,155.35,155.358
2025-02-04 14:06:00,155.357,155.364,155.344,155.352
2025-02-04 14:07:00,155.352,155.353,155.336,155.339
2025-02-04 14:08:00,155.338,155.352,155.337,155.338
2025-02-04 14:09:00,155.336,155.342,155.334,155.338
2025-02-04 14:10:00,155.337,155.373,155.326,155.363
2025-02-04 14:11:00,155.363,155.372,155.348,155.351
2025-02-04 14:12:00,155.352,155.365,155.351,155.362
2025-02-04 14:13:00,155.362,155.375,155.36,155.371
2025-02-04 14:14:00,155.372,155.386,155.37,155.374
2025-02-04 14:15:00,155.373,155.396,155.37,155.393
2025-02-04 14:16:00,155.393,155.395,155.36,155.365
2025-02-04 14:17:00,155.363,155.363,155.349,155.35
2025-02-04 14:18:00,155.35,155.357,155.34,155.348
2025-02-04 14:19:00,155.349,155.349,155.333,155.338
2025-02-04 14:20:00,155.338,155.369,155.336,155.366
2025-02-04 14:21:00,155.365,155.374,155.36,155.374
2025-02-04 14:22:00,155.373,155.382,155.359,155.361
2025-02-04 14:23:00,155.356,155.362,155.351,155.361
2025-02-04 14:24:00,155.36,155.374,155.324,155.326
2025-02-04 14:25:00,155.326,155.331,155.301,155.312
2025-02-04 14:26:00,155.311,155.312,155.291,155.293
2025-02-04 14:27:00,155.296,155.324,155.296,155.317
2025-02-04 14:28:00,155.319,155.32,155.303,155.306
2025-02-04 14:29:00,155.306,155.308,155.284,155.297
2025-02-04 14:30:00,155.299,155.306,155.284,155.294
2025-02-04 14:31:00,155.294,155.307,155.282,155.297
2025-02-04 14:32:00,155.297,155.315,155.289,155.312
2025-02-04 14:33:00,155.313,155.317,155.303,155.304
2025-02-04 14:34:00,155.306,155.311,155.281,155.281
2025-02-04 14:35:00,155.281,155.293,155.272,155.273
2025-02-04 14:36:00,155.273,155.281,155.256,155.279
2025-02-04 14:37:00,155.278,155.295,155.278,155.294
2025-02-04 14:38:00,155.294,155.296,155.277,155.279
2025-02-04 14:39:00,155.278,155.28,155.269,155.269
2025-02-04 14:40:00,155.269,155.282,155.26,155.272
2025-02-04 14:41:00,155.271,155.282,155.266,155.279
2025-02-04 14:42:00,155.28,155.315,155.28,155.305
2025-02-04 14:43:00,155.305,155.31,155.286,155.287
2025-02-04 14:44:00,155.286,155.292,155.284,155.291
2025-02-04 14:45:00,155.291,155.291,155.265,155.279
2025-02-04 14:46:00,155.279,155.3,155.279,155.292
2025-02-04 14:47:00,155.293,155.294,155.283,155.293
2025-02-04 14:48:00,155.294,155.298,155.261,155.261
2025-02-04 14:49:00,155.263,155.275,155.259,155.271
2025-02-04 14:50:00,155.27,155.27,155.261,155.267
2025-02-04 14:51:00,155.268,155.268,155.239,155.25
2025-02-04 14:52:00,155.251,155.267,155.241,155.265
2025-02-04 14:53:00,155.262,155.28,155.262,155.278
2025-02-04 14:54:00,155.279,155.284,155.277,155.279
2025-02-04 14:55:00,155.28,155.282,155.267,155.273
2025-02-04 14:56:00,155.268,155.29,155.266,155.28
2025-02-04 14:57:00,155.28,155.284,155.266,155.267
2025-02-04 14:58:00,155.267,155.277,155.265,155.277
2025-02-04 14:59:00,155.277,155.29,155.271,155.277
2025-02-04 15:00:00,155.28,155.326,155.279,155.326
2025-02-04 15:01:00,155.326,155.347,155.319,155.328
2025-02-04 15:02:00,155.329,155.34,155.318,155.335
2025-02-04 15:03:00,155.336,155.338,155.302,155.315
2025-02-04 15:04:00,155.316,155.317,155.3,155.305
2025-02-04 15:05:00,155.305,155.313,155.295,155.308
2025-02-04 15:06:00,155.308,155.316,155.289,155.291
2025-02-04 15:07:00,155.29,155.298,155.278,155.289
2025-02-04 15:08:00,155.288,155.313,155.286,155.29
2025-02-04 15:09:00,155.29,155.316,155.289,155.301
2025-02-04 15:10:00,155.301,155.315,155.291,155.302
2025-02-04 15:11:00,155.301,155.308,155.28,155.28
2025-02-04 15:12:00,155.279,155.291,155.266,155.274
2025-02-04 15:13:00,155.272,155.29,155.267,155.278
2025-02-04 15:14:00,155.277,155.306,155.276,155.292
2025-02-04 15:15:00,155.292,155.296,155.288,155.29
2025-02-04 15:16:00,155.291,155.292,155.268,155.27
2025-02-04 15:17:00,155.271,155.283,155.268,155.28
2025-02-04 15:18:00,155.28,155.28,155.254,155.259
2025-02-04 15:19:00,155.26,155.269,155.246,155.247
2025-02-04 15:20:00,155.248,155.294,155.242,155.294
2025-02-04 15:21:00,155.296,155.296,155.27,155.27
2025-02-04 15:22:00,155.271,155.28,155.27,155.28
2025-02-04 15:23:00,155.28,155.313,155.279,155.307
2025-02-04 15:24:00,155.308,155.314,155.295,155.31
2025-02-04 15:25:00,155.31,155.33,155.297,155.329
2025-02-04 15:26:00,155.33,155.34,155.322,155.34
2025-02-04 15:27:00,155.338,155.355,155.33,155.331
2025-02-04 15:28:00,155.33,155.344,155.327,155.337
2025-02-04 15:29:00,155.337,155.377,155.337,155.373
2025-02-04 15:30:00,155.367,155.387,155.367,155.378
2025-02-04 15:31:00,155.379,155.379,155.366,155.376
2025-02-04 15:32:00,155.376,155.384,155.368,155.371
2025-02-04 15:33:00,155.372,155.372,155.351,155.351
2025-02-04 15:34:00,155.351,155.362,155.338,155.358
2025-02-04 15:35:00,155.358,155.36,155.347,155.35
2025-02-04 15:36:00,155.35,155.352,155.317,155.327
2025-02-04 15:37:00,155.326,155.33,155.323,155.327
2025-02-04 15:38:00,155.327,155.34,155.327,155.339
2025-02-04 15:39:00,155.339,155.342,155.324,155.327
2025-02-04 15:40:00,155.326,155.338,155.315,155.337
2025-02-04 15:41:00,155.337,155.353,155.337,155.351
2025-02-04 15:42:00,155.351,155.352,155.337,155.338
2025-02-04 15:43:00,155.336,155.339,155.302,155.304
2025-02-04 15:44:00,155.308,155.31,155.298,155.303
2025-02-04 15:45:00,155.302,155.34,155.302,155.333
2025-02-04 15:46:00,155.334,155.352,155.315,155.317
2025-02-04 15:47:00,155.316,155.327,155.316,155.32
2025-02-04 15:48:00,155.317,155.33,155.312,155.328
2025-02-04 15:49:00,155.328,155.337,155.303,155.317
2025-02-04 15:50:00,155.318,155.34,155.313,155.336
2025-02-04 15:51:00,155.336,155.35,155.331,155.339
2025-02-04 15:52:00,155.339,155.354,155.334,155.342
2025-02-04 15:53:00,155.342,155.353,155.338,155.351
2025-02-04 15:54:00,155.351,155.353,155.329,155.33
2025-02-04 15:55:00,155.332,155.351,155.329,155.351
2025-02-04 15:56:00,155.35,155.35,155.296,155.305
2025-02-04 15:57:00,155.305,155.313,155.273,155.285
2025-02-04 15:58:00,155.283,155.292,155.272,155.278
2025-02-04 15:59:00,155.277,155.279,155.258,155.26
2025-02-04 16:00:00,155.259,155.26,155.198,155.215
